"SUJET,N,6,0","NOM_LATIN,C,24","NOM_USUEL,C,33","D_OC,C,26","DESCRIPTIO,C,250","AGE,N,5,0","DIMENSION,N,5,0"
1,Acer monspessulanum,Erable de Montpellier,"Agast, Viulounié",C'est un arbuste ou un petit arbre à écorce foncée généralement de petite taille dans la nature (il atteint en moyenne 5 mètres). Ici il dépasse les 10 mètres.,5,5
2,Quercus pubescens,Chêne pubescent,"Chaine, Blacas",Arbre à feuillage caduc des régions tempérées de l'hemisphère nord. Son nom vient du latin pubescens : à poils courts et mous (face inférieure des feuilles et jeunes rameaux). C'est une adaptation de l'arbre à la sécheresse.arbre de très grande taill,5,5
3,Filaria,Filaire,"Alaverd, Aure, Taradèu, O","Phillyrea (ou filaria), est un genre de plantes de la famille des Oleaceae. Ce sont des filaires des plantes généralement de garrigue.",4,3
4,Celtis australis,Micocoulier de Provence,Falabreguièr,"Très grand micocoulier au centre de la place, marquant fortement le paysage.",4,0
5,Fraxinus ornus,Frêne à fleurs,Fraissa,Le frêne à fleurs est un arbre de petite taille. Sa floraison blanche lui confère une beauté remarquable au printemps. Sujet particulièrement ancien .,4,0
6,Quercus suber,Chêne liège,Siure,Il peut vivre 150 à 200 ans et atteindre 20 à 25 m de Haut. Arbre rare sur la ville. Il fait parti du jardin à l'anglaise du parc de Méric.,0,0
7,Zizyphus jujuba,Jujubier,,"Un arbuste épineux originaire de Chine et répandu dans les régions méditerranéennes, le fruit,  la jujube est comestible. Ce spécimen est particulièrement ancien.",4,0
8,Cedrus libani,Cèdre du Liban,,Conifère à feuilles persistantes qui pousse jusqu'à 40 m de Hauteur. C'est l'emblème nationnal du Liban. On trouve peu de sujets de cette taille.,6,0
9,Liquidambar orientalis,Copalme d'Orient,,"Originaire d'Asie mineure, cet arbre élégant au port pyramidal trône sur la grande pelouse du jardin dessiné par Edouard André. En Orient, on en extrayait un lait de beauté.",5,5
10,Morus nigra,Mûrier noir,"Aubre d'òr, Amourié",Originaire d' Asie occidentale. Il a étè introduit et cultivé pour l'élevage des vers à soie.,2,2
11,Broussonetia papyrifera,Mûrier à papier,,"Le nom de ce genre rend hommage à Pierre Auguste Broussonet.(1761-1807),botaniste français qui fut le premier à introduire des pieds femelles de muçrie à papier de Chine à la fin du 18e siecle.",0,0
12,Cedrus libani,Cèdre du Liban,Lo cèdre,Le cèdre du Liban est arbre conifere à feuilles persistantes qui pousse jusqu'à 40 mètres de hauteur sujet marquant le paysage dans ce beau parc.,8,7
13,Quercus ilex,Chêne vert,"Euse, Garric",Le chêne vet est arbre un arbre à feuillage persistant de la famille des Fagacées présent sous forme de bois clairs et garrigues.,4,2
14,Cupressus cashmeriana,Cyprès du cachemire,,Cet arbre est considéré comme un espèce menacée.Il pousse à des altitudes comprises entre 1250 et 2800m.,3,0
15,Celtis Australis,Micocoulier de Provence,"Falabreguièr, Fanabregol","Ce micocoulier, malgrès sa vitesse de croissance assez lente forme  un très bel arbre d'ombrage très prèsent dans certaines régions du sud de la France. Arbre de grande taille.",5,5
16,Taxodium distichum,Cyprès chauve,,Le cyprès chauve ou cyprès de Louisiane originaire du sud -est des Etats-Unis.C'est une espèce remarquable par son adptation aux milieux humides.,6,6
17,Olea europea,Olivier d'Europe,"Oliu, Oulivié","L'Olivier est un arbre de la famille des Oléacées cultivé dans les régions de climat méditerranéen pour son fruit olive,qui donne une huile recherchée.",5,0
18,Sequoia sempervirens,Sequoia toujours vert,,Le Sequoia à feuilles d'if ou sequoia toujours vert (sequoia sempervirens) est un conifaire originaire de Californie.,3,4
19,Erythea armata,Palmier bleu,,"Palmier bleu du Mexique.palmier métallique rare et peu connu,de croissance lente la teinte partculière du feuillage et très attractive.",0,3
20,Phoenix canariensis,Palmier des Canaries,,"Le dattier des Canaries,très planté,est un des plus masjestueux palmiers à stipe massif,avec de longues et abondantes feuilles pennées.Sa rapidité de croissance et sa facilité de culture expliquent son succès.",0,3
21,Jubaea chilensis,"Jubea, Palma de miel",,"Jubaea chilensis, appelé également cocotier du Chili,est le plus gros des palmiers.Son stipe atteint parfois 5 mètre de circonférence au sol.C'est un palmier à la croissance lente à l'âge juvénile puis s'accélerant à partir de la quinzième année .",5,2
22,Platanus acerifolia,Platane,Platano,"Le platane est très fréquent en Europe,où il est planté dans les parcs,le long des routes du fait de sa grande résistance à la pollution. Ici en port libre marque le paysage.",4,4
24,Celtis occidentalis,Micocoulier de Virginie,,L'arbre est originaire d' Amérique du Nord.Rare sur la ville il ne supporte pas les grands froids.,4,4
25,Melia azedarach,Lilas des Indes,,"le melia est une espèce d'arbre à feuillage caduc originaire d'Inde,du sud de la Chine et d'Australie,elle est parfois confondue avec le margousier.",2,0
26,Pinus halepensis,Pin d'Alep,Pin blanc,"Sa répartition géographique est essentiellement autour des côtes méditerranéennes,et plus principalement en Algérie et en Espagne.",3,0
27,Arbutus andrachne,Arbousier de Grèce,,"L'ecorce de l'arbousier de Grèce revêt au printemps de vives couleurs rouges,puis avec les chaleurs estivales se dénude peu à peu,des fragments rectangulaires se détachent,se dessèchent et s'enroulent,laissant apparaître la jeune ecorce. Ce spécimmen",6,6
28,Abies pinsapo,Sapin d'Espagne,,"Abies pinsapo est un grand conifère de croissance lente au feuillage sombre originaire des régions montagneuses du sud de l'Espagne et du Maroc, entre 1000 et 1900 mètre d'altitude.",3,3
29,Cedrus Atlantica,Cèdre de l'Atlas,Lo cedre,Les cèdres sont de grands arbres.les cèdres peuvent vivre plus de 1000ans.Ilsont reconnus pour leur croissance rapide. Arbre de grande taille.,5,6
30,Pinus bungeana,Pin Napoleon,,Le pin Napoleon (Pinus Bungeana)est un arbre de la famille des pnacées originaire de Chine.Il peut mesurer jusqu'à 15 métres.,3,2
31,Ginkgo biloba,Arbre aux quarante écus,,(Arbres aux quarante écus).Origine Chine.Cest la plus ancienne famille d'arbres connue.Elle existait déjà une quarntaine de million d'années avant l'apparition des dinosaures.,3,5
32,Sterculia platanifolia,Sterculier à feuilles de Platane,,Origine Géographique:Chine.Climat tropical à tempérè.Il suporte des gelée de l'ordre de -8°c.,3,0
33,Cupressus sempervirens,Cyprès de Provence,"Ciprièr, Ciprès","Cupressus Sempervirens,encore appelé cyprès toujours vert(origine Asie).Cet arbre est planté en haut de la tour. Planté en haut de la Tour.",0,0
34,Gleditsia triacanthos,Févier d'Amérique,,"Février d'Amérique arbre au port 2tale,courronne iréguliere ouverte,large,longs rameaux souples.",3,3
35,Sterculier acerifolia,Copalme d'Orient,,Origine Australie rare dans la région.,0,3
36,Eucalyptus gunnii,Gommier à cidre,,"L' eucalyptus Gunnii fait partie des espèce de gommier les plus utilisées sous nos climats.Son feuillage glauque à reflets bleutés,de forme très arrondie en fait toute sa beauté.",2,3
37,Cedrus Atlantica,Cèdre de l'Atlas,Lo cedre,Arbre de grande taille.,5,6
38,Celtis australis,Micocoulier de Provence,,"Ce micocoulier,malgré sa vitesse de croissance assez lente,forme un très bel arbre très présent dans certaines régions du sud de la France.",4,6
39,Maclura pomifera,Oranger des Osages,,"Cet arbre à la cime ovale touffue,ses jolies feuilles vert foncées un peu cordiformes à la base et ses fruits si partculiers qui ressemblent à des oranges (non comestibles.Tres vieux sujet.",5,5
40,Platanus acerifolia,platane,"Platano,la platana",Arbre d'ornement:plusieur espèces sont plantées comme arbre d'ornement urbain et d'alignement le long des rues.Ce sont des arbres qui supportent bien les condition de vie du milieu urbain.sujet en port libre.,4,5
41,Podocarpus macrophyllus,Podocarpus,,"Originaire d'Extrême-Orient il est également connu sous le nom de"" pin des Bouddhistes"".C'est un arbre à croissance lente et rare dans la région.",0,0
42,Populus nigra 'Italica',Peuplier d'Italie,,Le peuplier noir est  un arbre pouvant atteindre une hauteur de 30 métres et dont la longévité est de l'ordre de 400 ans pour les spécimens les plus âgés.,0,0
43,Tilia Platyphyllos,Tilleul à grandes feuilles,Tilh,"Tilleul à grandes feuilles.Cet espèce des régions tempérées d'Europe,souvent planté comme arbre d'alignement. Beau sujet.",5,4
44,Sequoia sempervirens,Séquoia toujours vert,,"Son nom vient du chef indien Sequoyah (v. 1770-1843),inventeur de l'alphabet Cherokee.les séquoias à feuilles d'if peuvent mesurer plus de 100mètres de hauteur pour  un diamètre approchant 8 mètres.Surement le plus gros arbre de la ville.",0,0
45,Acer platanoidesShwedler,Erable pourpre,,"Le genre Acer compte environ 115 espèces d'arbres et d'arbustes répandues dans les régions tempérées et froides de l'hémisphère boréal ,surtout en Asie et Amérique du Nord.feuillage exceptionnel.",0,0
46,Liriodendron tulipifera,Tulipier de Virginie,Tulipié,Le tulipier de Virginie est un arbre feuillu de la famille des magnoliacées.L'arbre a étè introduit en Europe en1663 et il est depuis courant dans les parc du continent.Le plus vieux sujet de la ville.,0,0
47,cyprès simperviren,cyprès vert de Provence,,"Cyprès commun,encore appelé cyprès toujours vert.C'est un arbre originaire d'Asie,mais il est acclimaté dans tout l'hémisphère nord et plus particulièrement autour du bassin méditerranéen.Vieux et beau sujet.",5,3
48,Zelkova carpinifolia,Orme de Sibérie,,On l'appelle aussi Orme du Caucase.On trouve cet orme dans le Caucase et le nord de l'Iran.il n'est pas sensible à la graphiose (maladie)qui a ravagé les Ormes dans toute l'Europe.,0,0
49,Sorbus domestica,Cormier,Aiprouèr,"C'est un arbre à l'écorce brun orangé,aux feuilles caduques pennées et aux fleurs blanches.Le cormier est un arbre de plus en plus rare.",0,0
50,Arbutus andrachne,Arbousier de Grèce,,"l'écorce de l'arbousier de Gréce revêtau printemps de vives couleurs rouges,puis avec les chaleurs estivales,se dénude peu à peu.des fragments retangulaires se détachent,se dessèchent et s'enroulent,laissant apparaître la jeune écorce. On trouve peu",4,0
51,Thuya occidentalis,thuya du Canada ou cèdre blanc,,Originaire du nord-est de l'Amérique du nord. Tronc noueux et irrégulier très beau sujet.,4,5
52,Pinus pinea,Pin pignon,"Pin pinhièr,pincàs","Le pin parasol est un arbre caractéristique des régions méditerraanéennes,reconnaissable à son port évoquant un parasol déployé.Sa graine,le pignon est souvent utilisée en pâtisserie.Très beau sujet dans un parc magnifique.",7,7
53,Cupressus simpervirens,Cyprès de Provence,"Autciprès,cyprièr,cipres,s","Cyprès commun.Cet arbre et originaire d'Asie,mais il est acclimaté dans tout l'hémisphère nord et plus particulièrement autour du bassin mèditerranéen.Très beau sujet.",6,6
54,Taxodichum distichum,Cyprès chauve,,"Le cyprès chauve ,qui est l'arbre emblème de Lousiane et une espèce remarquable par son adaptation aux milieux humides.arbre marquant le paysage.",5,6
55,Cedrus atlantica,Cèdre de l'Atlas,Cèdre,Les cèdres sont de grands arbres.les cèdres peuvent vivre plus de 1000 ans.Ils sont reconnus pour leur croissance rapide. On trouve peu de sujet de cette taille.,5,5
56,Platanus acerifolia,Platane,"Platana,Platanièr","Le platane est très fréquent en Europe, où il est planté dans les parcs,le long des routes du fait de sa grande résistance à la pollution.Ici en port libre.",5,6
57,Taxus Baccata,if commun,Tueis,L'if est un arbre qui peut atteindre 20m de haut mais la plupart des individus sont généralement plus petits.La forme est variable avec une cime irrégulière et un tronc court et noueux.,4,4
60,Cèdre atlantica,cèdre de l'Atlas,cèdre,Les cèdres sont de grands arbres.Les cèdres peuvent vivre plus de 1000 ans et sont reconnus pour leur croissance rapide.,4,4
59,Pinus pinea,Pin pignon,"Pin pinhièr,pincàs","Le pin parasol est un arbre caractéristique des régions méditerranéennes,reconnaisable à son port évoquant un parasol déployé.Sa graine, le pignon est souvent utilisée en pâtisserie.Abre marquant le paysage.",4,4
58,Quercus suber L,Chêne liège,,Le chêne liège est un arbre exploité pour son ecorce qui fournit le liège.Il peut vivre 150 à 200 ans et atteindre 20 à 25 mètre de haut.Sujet rare sur la ville.,4,4
61,Pinus pinea,pin pignon,"Pin pinhièr,pincàs","Le pin parasol est un arbre caractéristique des régions méditerranéennes,reconnaissable à son port évoquant un parasol déployé.sa graine, le pignon est souvent utilisé en pâtisserie. Ce spécimen est particulièrement ancien.",4,4
62,Cedrus atlantica,cèdre de l'Atlas,Cèdre,Les cèdre sont des arbres de grandes tailles.ils peuvent vivre plus de 1000 ans .ils sont reconnus pour leur croissance rapide. On trouve peu de sujet de cette taille.,4,4
71,Pinus pinea,Pin pignon,"Pin pinhièr,pincàs",,4,4
64,Cupressus Sempervirens,cyprès vert de Provence,"Autciprès,ciprièr,ciprès,s","Cyprès commun,c'est un arbre originaire d'Asie,mais il est acclimaté dans tout l'hémisphère nord et plus particulièrement autour du bassin méditerranéen.Très vieux sujet.",5,5
63,Pinus pinea,Pin pignon,"pin pinhièr,pincas","Le pin parasol est un arbre caractéristique des régions méditeranéennes,reconnaissable à sont port évoquant un parasol déployé.Sa graine, le pignon est souvent utiliséee en pâtisserie. très beau sujet.",6,5
67,Magniolia grandiflora,magniolia,Manholièr,"Cet arbre de climats tempérés et tropicaux,préfère un sol acide.age et taille rares pour la région. On trouve peu de sujet de cette taille.",5,6
68,Cèdre atlantica,Cèdre de lAtlas,cèdre,les cèdres sont de grands arbres.Ils peuvent vivre plus de 1000 ans.Ils sont reconnus pour leur croissance rapide.Beau sujet dans un cadre magnifique.,5,5
66,platanus hybrida,platane,"Platana,platanièr",Abre d'ornement:plusieurs espèces sont plantées comme arbre d'ornement urbain et d'alignement le long des rues.Ici ceplatane enport libre est magnifique.,5,8
65,Quercus Pubescens,Chêne pubescent,"Rore,blacàs,chaine",Le chêne pubescens est une espèce d'arbre à feuillage caduc des régions tempéèes de l'hemisphère nord. Arbre remarquable  de par sa taille.,6,6
70,Grevillea robusta,Grevillea,,"Grevillea robusta,communément appelé le chêne soyeux d' australie.Sa floraison jaune orangé et magnifique.",0,3
69,Eucalyptus gunnii,Eucalyptus,,"L'eucalyptus gunnii fait partie des espèces de Gommier les plus utilisées sous nos climats.Son feuillage glauque à reflets bleutés,de forme très arrondie en fait toute sa beauté.",2,0
23,Magnolia grandifolia,Magnolia à grandes fleurs,Magnoulia,"Arbre de climats tempérés et tropicaux,il préferé un sol acide.Arbre d'age important.",5,4
