"Code","Nom","Code categ","Catégorie bien","Code cat ERP","Catégorie ERP","Code type ERP","Type ERP","Code voirie","Num voirie","Adresse","Adresse2","Adresse3","ARB_REF","ELM_ETAT","ID_FLORENT"
"65","STADE SABATHE",,,"I","1ère catégorie (effectif > 1500)","PA","Etablissements de plein air","4884",18,"RUE SAINT CLEOPHAS",,,"1929","06","1929 18"
"88","STADE PHILIPPIDES",,,"I","1ère catégorie (effectif > 1500)","PA","Etablissements de plein air","3382",542,"RUE AUGUSTE BROUSSONNET",,,"519","06","519 542"
"612","SANITAIRES OPERA COMEDIE",,,,,,,"2554",11,"BOULEVARD VICTOR HUGO",,,"2124","05","2124 11"
"740","MAISON BARONCELLI","DIVERS","MULTI - AFFECTATION",,,,,"3558",155,"RUE DE BOLOGNE",,,"603","06","603 155"
"746","MAISON POUR TOUS FREDERIC CHOPIN","MPT","MAISON POUR TOUS","III","3ème catégorie (300 < effectif <= 700)","L","Salles usage auditions, conférences, ...","4675",1,"RUE DU MARCHE AU BESTIAUX",,,"1444","06","1444 1"
"785","CENTRE CULTUREL RABELAIS","CULTURE","EQUIPEMENT CULTUREL","III","3ème catégorie (300 < effectif <= 700)","L","Salles usage auditions, conférences, ...","2552",27,"BOULEVARD SARRAIL",,,"1990","06","1990 27"
"790","GYMNASE MICHELINE OSTERMEYER",,,"IV","4ème catégorie (effectif <= 300)","X","Etablissements sportifs couverts","3776",1473,"RUE DE LAS SORBES",,,"1355","06","1355 1473"
"795","GYMNASE ROGER COUDERC",,,"III","3ème catégorie (300 < effectif <= 700)","X","Etablissements sportifs couverts","4884",18,"RUE SAINT CLEOPHAS",,,"1929","05","1929 18"
"819","GYMNASE HENRI FERRARI",,,"IV","4ème catégorie (effectif <= 300)","X","Etablissements sportifs couverts","2400",419,"AV DOCTEUR J. FOURCADE",,,"2199","06","2199 419"
"835","CRECHE ANTIGONE - RUE JEANNE D'ARC","CRECHE","CRECHE","IV","4ème catégorie (effectif <= 300)","R","Etab. d'enseignement sans hébergement","4571",10,"RUE JEANNE D'ARC",,,"1295","05","1295 10"
"839","CRECHE EDELWEISS - RUE GENERAL RIU","CRECHE","CRECHE","IV","4ème catégorie (effectif <= 300)","R","Etab. d'enseignement sans hébergement","4449",21,"RUE GENERAL RIU",,,"1133","06","1133 21"
"847","CRECHE THERESE SENTIS - AVENUE DU MARECHAL LECLERC","CRECHE","CRECHE","IV","4ème catégorie (effectif <= 300)","R","Etab. d'enseignement sans hébergement","2402",655,"AV DU MARECHAL LECLERC",,,"1446","05","1446 655"
"866","ECOLE MATERNELLE CAMOENS","SCOM","SCOLAIRE MATERNELLE","IV","4ème catégorie (effectif <= 300)","R","Etab. d'enseignement sans hébergement","4110",2,"RUE DES TOURTERELLES",,,"2068","06","2068 2"
"871","ECOLE ELEMENTAIRE FREUD","SCOE","SCOLAIRE ELEMENTAIRE","IV","4ème catégorie (effectif <= 300)","R","Etab. d'enseignement sans hébergement","4110",2,"RUE DES TOURTERELLES",,,"2068","06","2068 2"
"874","ECOLE ELEMENTAIRE CHARLES DICKENS","SCOE","SCOLAIRE ELEMENTAIRE","IV","4ème catégorie (effectif <= 300)","R","Etab. d'enseignement sans hébergement","2485",686,"AVENUE DU PONT TRINQUAT",,,"1784","06","1784 686"
"877","ECOLE MATERNELLE ANNE FRANK","SCOM","SCOLAIRE MATERNELLE","V","5ème catégorie","R","Etab. d'enseignement sans hébergement","2485",686,"AVENUE DU PONT TRINQUAT",,,"1784","06","1784 686"
"884","ECOLE MATERNELLE ANATOLE FRANCE","SCOM","SCOLAIRE MATERNELLE","V","5ème catégorie","R","Etab. d'enseignement sans hébergement","4444",10,"RUE GENERAL LAFON",,,"1127","06","1127 10"
"893","ECOLES ARISTOTE - PERICLES","SCO","SCOLAIRE","IV","4ème catégorie (effectif <= 300)","R","Etab. d'enseignement sans hébergement","2534",528,"BOULEVARD D'ANTIGONE",,,"2229","05","2229 528"
"897","ECOLE ELEMENTAIRE BERTHE MORISOT","SCOE","SCOLAIRE ELEMENTAIRE","IV","4ème catégorie (effectif <= 300)","R","Etab. d'enseignement sans hébergement","2433",60,"AVENUE D'ASSAS",,,"511","06","511 60"
"900","ECOLE MATERNELLE MOZART","SCOM","SCOLAIRE MATERNELLE","IV","4ème catégorie (effectif <= 300)","R","Etab. d'enseignement sans hébergement","2433",60,"AVENUE D'ASSAS",,,"511","06","511 60"
"905","ECOLE ELEM.AUGUSTE COMTE","SCOE","SCOLAIRE ELEMENTAIRE","V","5ème catégorie","R","Etab. d'enseignement sans hébergement","4343",2,"RUE EMILE ZOLA",,,"962","07","962 2"
"908","ECOLE MATERNELLE PABLO NERUDA","SCOM","SCOLAIRE MATERNELLE","IV","4ème catégorie (effectif <= 300)","R","Etab. d'enseignement sans hébergement","3816",53,"RUE DE SALAMANQUE",,,"1979","06","1979 53"
"911","ECOLE ELEMENTAIRE SIMON BOLIVAR","SCOE","SCOLAIRE ELEMENTAIRE","III","3ème catégorie (300 < effectif <= 700)","R","Etab. d'enseignement sans hébergement","2436",300,"AVENUE DE BARCELONE",,,"543","06","543 300"
"919","ECOLE ANDRE BOULLOCHE ELEMENTAIRE","SCOE","SCOLAIRE ELEMENTAIRE","III","3ème catégorie (300 < effectif <= 700)","R","Etab. d'enseignement sans hébergement","3777",123,"RUE DE LAUSANNE",,,"1359","06","1359 123"
"928","ECOLE VIRGINA WOOLF MATERNELLE","SCOM","SCOLAIRE MATERNELLE","IV","4ème catégorie (effectif <= 300)","R","Etab. d'enseignement sans hébergement","3553",255,"RUE DE BARI",,,"545","06","545 255"
"931","ECOLE MATERNELLE JAMES JOYCE","SCOM","SCOLAIRE MATERNELLE","III","3ème catégorie (300 < effectif <= 700)","R","Etab. d'enseignement sans hébergement","3558",122,"RUE DE BOLOGNE",,,"603","05","603 122"
"933","ECOLE ELEMENTAIRE LEOPOLD SEDAR SENGHOR","SCOE","SCOLAIRE ELEMENTAIRE","III","3ème catégorie (300 < effectif <= 700)","R","Etab. d'enseignement sans hébergement","3558",26,"RUE DE BOLOGNE",,,"603","05","603 26"
"943","ECOLE ELEMENTAIRE DOCTEUR CALMETTE","SCOE","SCOLAIRE ELEMENTAIRE","IV","4ème catégorie (effectif <= 300)","R","Etab. d'enseignement sans hébergement","4073",147,"RUE DES QUATRE SEIGNEURS",,,"1833","05","1833 147"
"948","ECOLE MATERNELLE AGRIPPA D'AUBIGNE","SCOM","SCOLAIRE MATERNELLE","IV","4ème catégorie (effectif <= 300)","R","Etab. d'enseignement sans hébergement","4073",147,"RUE DES QUATRE SEIGNEURS",,,"1833","05","1833 147"
"952","ECOLE ELEMENTAIRE LEO MALET  (COUR)","SCOE","SCOLAIRE ELEMENTAIRE","IV","4ème catégorie (effectif <= 300)","R","Etab. d'enseignement sans hébergement","2368",5,"ALLEE PIERRE CARABASSE",,,"2566","06","2566 5"
"957","ECOLES MATERNELLE CHAPTAL - ELEMENTAIRE JEANNE D'ARC","SCO","SCOLAIRE","IV","4ème catégorie (effectif <= 300)","R","Etab. d'enseignement sans hébergement","2538",9,"BOULEVARD DES ARCEAUX",,,"497","07","497 9"
"960","MATERNELLE CHAPTAL","SCOM","SCOLAIRE MATERNELLE","IV","4ème catégorie (effectif <= 300)","R","Etab. d'enseignement sans hébergement","2538",9,"BOULEVARD DES ARCEAUX",,,"497","07","497 9"
"962","ECOLE ELEMENTAIRE PAUL LANGEVIN","SCOE","SCOLAIRE ELEMENTAIRE","IV","4ème catégorie (effectif <= 300)","R","Etab. d'enseignement sans hébergement","3579",5,"RUE DE CLEMENTVILLE",,,"795","06","795 5"
"966","ECOLE MATERNELLE GOETHE","SCOM","SCOLAIRE MATERNELLE","IV","4ème catégorie (effectif <= 300)","R","Etab. d'enseignement sans hébergement","3930",3,"RUE DES CORONILLES",,,"838","06","838 3"
"969","RESTAURANT SCOLAIRE ELEMENTAIRE PAUL LANGEVIN","SCOE","SCOLAIRE ELEMENTAIRE",,,,,"3579",5,"RUE DE CLEMENTVILLE",,,"795","06","795 5"
"977","ECOLE ELEMENTAIRE JACQUES BREL BATIMENT 1","SCOE","SCOLAIRE ELEMENTAIRE",,,,,"2768",5,"IMPASSE DES MARMOUSETS",,,"1458","06","1458 5"
"983","ECOLE MATERNELLE SIMONE SIGNORET","SCOM","SCOLAIRE MATERNELLE","IV","4ème catégorie (effectif <= 300)","R","Etab. d'enseignement sans hébergement","2768",1,"IMPASSE DES MARMOUSETS",,,"1458","05","1458 1"
"993","ECOLE ELEMENTAIRE CONDORCET","SCOE","SCOLAIRE ELEMENTAIRE","IV","4ème catégorie (effectif <= 300)","R","Etab. d'enseignement sans hébergement","4187",13,"RUE DU FAUBOURG BOUTONNET",,,"1007","06","1007 13"
"996","ECOLE MATERNELLE DOCTEUR ROUX","SCOM","SCOLAIRE MATERNELLE","IV","4ème catégorie (effectif <= 300)","R","Etab. d'enseignement sans hébergement","4372",96,"RUE FAUBOURG FIGUEROLLES",,,"1012","06","1012 96"
"1000","ECOLE ELEMENTAIRE WISNTON CHURCHILL","SCOE","SCOLAIRE ELEMENTAIRE",,,,,"4210",424,"RUE DU LAVANDIN",,,"1362","06","1362 424"
"1010","ECOLE MATERNELLE FLORIAN","SCOM","SCOLAIRE MATERNELLE","IV","4ème catégorie (effectif <= 300)","R","Etab. d'enseignement sans hébergement","3722",49,"RUE DE LA MEDITERRANEE",,,"1515","06","1515 49"
"1013","ECOLE MATERNELLE FRANCIS GARNIER","SCOM","SCOLAIRE MATERNELLE","V","5ème catégorie","R","Etab. d'enseignement sans hébergement","4448",2,"RUE GENERAL RENE",,,"1132","06","1132 2"
"1022","ECOLE ELEMENTAIRE GAMBETTA","SCOE","SCOLAIRE ELEMENTAIRE","V","5ème catégorie","R","Etab. d'enseignement sans hébergement","4098",20,"RUE DES SOLDATS",,,"2014","06","2014 20"
"1030","ECOLE ELEMENTAIRE HEIDELBERG","SCOE","SCOLAIRE ELEMENTAIRE","IV","4ème catégorie (effectif <= 300)","R","Etab. d'enseignement sans hébergement","3780",310,"RUE DE LIEGE",,,"1382","06","1382 310"
"1038","ECOLE MATERNELLE JACQUES PREVERT","SCOM","SCOLAIRE MATERNELLE","V","5ème catégorie","R","Etab. d'enseignement sans hébergement","2469",297,"AVENUE DU COMTE DE NICE",,,"821","06","821 297"
"1043","ECOLES JEAN MERMOZ GS","SCO","SCOLAIRE",,,,,"3692",196,"RUE DE LA CROIX DU SUD",,,"866","06","866 196"
"1056","ECOLE MATERNELLE INGRID BERGMAN","SCOM","SCOLAIRE MATERNELLE","V","5ème catégorie","R","Etab. d'enseignement sans hébergement","2545",20,"BOULEVARD MOUNIE",,,"1570","06","1570 20"
"1058","RESTAURANT SCOLAIRE GS JEAN MOULIN","SCO","SCOLAIRE",,,,,"2545",20,"BOULEVARD MOUNIE",,,"1570","06","1570 20"
"1061","ECOLE ELEMENTAIRE JEAN MOULIN","SCOE","SCOLAIRE ELEMENTAIRE","III","3ème catégorie (300 < effectif <= 700)","R","Etab. d'enseignement sans hébergement","2545",20,"BOULEVARD MOUNIE",,,"1570","06","1570 20"
"1064","BATIMENT SANITAIRE JEAN MOULIN","SCOE","SCOLAIRE ELEMENTAIRE",,,,,"2545",20,"BOULEVARD MOUNIE",,,"1570","06","1570 20"
"1068","ECOLE ELEMENTAIRE E.POTTIER",,,"IV","4ème catégorie (effectif <= 300)","R","Etab. d'enseignement sans hébergement","3711",120,"RUE DE LA JALADE",,,"1261","06","1261 120"
"1071","ECOLE ELEMENTAIRE JEAN SIBELIUS",,,"IV","4ème catégorie (effectif <= 300)","R","Etab. d'enseignement sans hébergement","3711",120,"RUE DE LA JALADE",,,"1261","06","1261 120"
"1074","ECOLE MATERNELLE CHARLIE CHAPLIN",,,"IV","4ème catégorie (effectif <= 300)","R","Etab. d'enseignement sans hébergement","3711",120,"RUE DE LA JALADE",,,"1261","05","1261 120"
"1077","ECOLE ELEMENTAIRE JULES SIMON",,,"IV","4ème catégorie (effectif <= 300)","R","Etab. d'enseignement sans hébergement","3722",45,"RUE DE LA MEDITERRANEE",,,"1515","06","1515 45"
"1083","ECOLE MATERNELLE LA FONTAINE","SCOM","SCOLAIRE MATERNELLE","IV","4ème catégorie (effectif <= 300)","R","Etab. d'enseignement sans hébergement","3244",27,"QUAI DU VERDANSON",,,"2108","06","2108 27"
"1091","ECOLE ELEMENTAIRE SPINOZA","SCOE","SCOLAIRE ELEMENTAIRE","III","3ème catégorie (300 < effectif <= 700)","R","Etab. d'enseignement sans hébergement","4976",110,"RUE VIOLLET LE DUC",,,"2524","06","2524 110"
"1094","ECOLE MATERNELLE JEANNE DEROIN","SCOM","SCOLAIRE MATERNELLE","III","3ème catégorie (300 < effectif <= 700)","R","Etab. d'enseignement sans hébergement","4976",88,"RUE VIOLLET LE DUC",,,"2524","06","2524 88"
"1098","ECOLE MATERNELLE PAUL ELUARD","SCOM","SCOLAIRE MATERNELLE","IV","4ème catégorie (effectif <= 300)","R","Etab. d'enseignement sans hébergement","3814",289,"RUE DE SAINT HILAIRE",,,"1941","06","1941 289"
"1100","ECOLE ELEMENTAIRE JEAN MACE","SCOE","SCOLAIRE ELEMENTAIRE","IV","4ème catégorie (effectif <= 300)","R","Etab. d'enseignement sans hébergement","3814",289,"RUE DE SAINT HILAIRE",,,"1941","06","1941 289"
"1102","RESTAURANT SCOLAIRE GS LA RAUZE","SCO","SCOLAIRE","IV","4ème catégorie (effectif <= 300)","R","Etab. d'enseignement sans hébergement","3814",289,"RUE DE SAINT HILAIRE",,,"1941","06","1941 289"
"1103","ECOLE ELEMENTAIRE LAMARTINE","SCOE","SCOLAIRE ELEMENTAIRE","V","5ème catégorie","R","Etab. d'enseignement sans hébergement","3769",30,"RUE DE LA VALFERE",,,"2098","06","2098 30"
"1105","ECOLE MATERNELLE PASTEUR","SCOM","SCOLAIRE MATERNELLE","IV","4ème catégorie (effectif <= 300)","R","Etab. d'enseignement sans hébergement","4297",15,"RUE DU SAINT SEPULCRE",,,"1965","06","1965 15"
"1108","GROUPE SCOLAIRE LE LANTISSARGUE","SCO","SCOLAIRE","III","3ème catégorie (300 < effectif <= 700)","R","Etab. d'enseignement sans hébergement","2548",215,"BOULEVARD PEDRO DE LUNA",,,"1686","06","1686 215"
"1121","ECOLE ELEMENTAIRE JEAN ZAY","SCOE","SCOLAIRE ELEMENTAIRE",,,,,"2426",85,"AVENUE ALPHONSE JUIN",,,"463","06","463 85"
"1125","MATERNELLE MADELEINE BRES","SCO","SCOLAIRE","IV","4ème catégorie (effectif <= 300)","R","Etab. d'enseignement sans hébergement","2222",183,"ALLEE DE L'AQUEDUC",,,"494","06","494 183"
"1126","ECOLE ELEMENTAIRE JULIE DAUBIE","SCO","SCOLAIRE","III","3ème catégorie (300 < effectif <= 700)","R","Etab. d'enseignement sans hébergement","2222",183,"ALLEE DE L'AQUEDUC",,,"494","06","494 183"
"1138","ECOLE ELEMENTAIRE KUROSAWA","SCOE","SCOLAIRE ELEMENTAIRE","IV","4ème catégorie (effectif <= 300)","R","Etab. d'enseignement sans hébergement","4785",400,"RUE PIERRE CARDENAL",,,"1730","05","1730 400"
"1141","ECOLE MATERNELLE INDIRA GANDHI","SCOM","SCOLAIRE MATERNELLE","III","3ème catégorie (300 < effectif <= 700)","R","Etab. d'enseignement sans hébergement","4785",380,"RUE PIERRE CARDENAL",,,"1730","05","1730 380"
"1144","ECOLE MATERNELLE KIPLING","SCOM","SCOLAIRE MATERNELLE","IV","4ème catégorie (effectif <= 300)","R","Etab. d'enseignement sans hébergement","2516",311,"AVENUE SAINT CLEMENT",,,"1926","06","1926 311"
"1146","ECOLE ELEMENTAIRE CHARLES BAUDELAIRE","SCOE","SCOLAIRE ELEMENTAIRE","IV","4ème catégorie (effectif <= 300)","R","Etab. d'enseignement sans hébergement","2516",311,"AVENUE SAINT CLEMENT",,,"1926","06","1926 311"
"1155","ECOLE ELEMENTAIRE MARC BLOCH","SCOE","SCOLAIRE ELEMENTAIRE","IV","4ème catégorie (effectif <= 300)","R","Etab. d'enseignement sans hébergement","2181",135,"ALL HAUTS DE MONTPELLIER",,,"1204","06","1204 135"
"1162","ECOLE MATERNELLE COPERNIC","SCOM","SCOLAIRE MATERNELLE","IV","4ème catégorie (effectif <= 300)","R","Etab. d'enseignement sans hébergement","2181",135,"ALL HAUTS DE MONTPELLIER",,,"1204","06","1204 135"
"1166","ECOLE MATERNELLE AVERROES","SCOM","SCOLAIRE MATERNELLE","IV","4ème catégorie (effectif <= 300)","R","Etab. d'enseignement sans hébergement","4538",47,"RUE JAUFRE RUDEL",,,"1271","05","1271 47"
"1169","ECOLE ELEMENTAIRE GALILEE","SCOE","SCOLAIRE ELEMENTAIRE","IV","4ème catégorie (effectif <= 300)","R","Etab. d'enseignement sans hébergement","4538",47,"RUE JAUFRE RUDEL",,,"1271","06","1271 47"
"1180","ECOLES MATERNELLE ET ELEMENTAIRE LOUIS FIGUIER / VICTOR HUGO","SCO","SCOLAIRE",,,,,"3853",7,"RUE DES AIGUERELLES",,,"431","07","431 7"
"1188","ECOLE MATERNELLE LUTHER KING","SCOM","SCOLAIRE MATERNELLE","IV","4ème catégorie (effectif <= 300)","R","Etab. d'enseignement sans hébergement","3460",65,"RUE CHARLES BONAPARTE",,,"740","05","740 65"
"1191","ECOLE ELEMENTAIRE LOUISVILLE","SCOE","SCOLAIRE ELEMENTAIRE","IV","4ème catégorie (effectif <= 300)","R","Etab. d'enseignement sans hébergement","2450",431,"AVENUE DE LOUISVILLE",,,"1412","05","1412 431"
"1200","RESTAURANT GS CURIE - DAUDET","SCO","SCOLAIRE","V","5ème catégorie","N","Restaurants et débits de boissons","2265",6,"ALLEE DES SOPHORAS",,,"2016","06","2016 6"
"1204","ELEMENTAIRE MARIE CURIE","SCOE","SCOLAIRE ELEMENTAIRE","IV","4ème catégorie (effectif <= 300)","R","Etab. d'enseignement sans hébergement","2265",6,"ALLEE DES SOPHORAS",,,"2016","07","2016 6"
"1205","MATERNELLE ALPHONSE DAUDET","SCOM","SCOLAIRE MATERNELLE","IV","4ème catégorie (effectif <= 300)","R","Etab. d'enseignement sans hébergement","2265",2,"ALLEE DES SOPHORAS",,,"2016","06","2016 2"
"1207","ECOLE MATERNELLE MARCEL PAGNOL","SCOM","SCOLAIRE MATERNELLE",,,,,"4455",305,"RUE GEORGES BRASSENS",,,"1140","06","1140 305"
"1218","ECOLE ELEMENTAIRE GARIBALDI","SCOE","SCOLAIRE ELEMENTAIRE","IV","4ème catégorie (effectif <= 300)","R","Etab. d'enseignement sans hébergement","3043",2,"PLACE DE FONTJUN",,,"1062","06","1062 2"
"1221","ECOLE MATERNELLE BERTIE ALBRECHT","SCOM","SCOLAIRE MATERNELLE","V","5ème catégorie","N","Restaurants et débits de boissons","3043",1,"PLACE DE FONTJUN",,,"1062","06","1062 1"
"1225","BATIMENT ANNEXE VAN GOGH","SCOM","SCOLAIRE MATERNELLE",,,,,"3539",242,"RUE D'OXFORD",,,"1633","06","1633 242"
"1227","ECOLE MATERNELLE VINCENT VAN GOGH","SCOM","SCOLAIRE MATERNELLE","IV","4ème catégorie (effectif <= 300)","R","Etab. d'enseignement sans hébergement","3539",242,"RUE D'OXFORD",,,"1633","06","1633 242"
"1230","ECOLE ELEMENTAIRE ROOSEVELT","SCOE","SCOLAIRE ELEMENTAIRE","IV","4ème catégorie (effectif <= 300)","R","Etab. d'enseignement sans hébergement","3777",25,"RUE DE LAUSANNE",,,"1359","06","1359 25"
"1240","ECOLE MATERNELLE PABLO PICASSO","SCOM","SCOLAIRE MATERNELLE","V","5ème catégorie","R","Etab. d'enseignement sans hébergement","2406",41,"AV GUILHEM DE POITIERS",,,"1190","06","1190 41"
"1244","ECOLES ELEMENTAIRE PAULL PAINLEVE - MATERNELLE LOUISE MICHEL","SCO","SCOLAIRE",,,,,"2447",501,"AVENUE DE LA POMPIGNANE",,,"1777","06","1777 501"
"1248","ECOLE MATERNELLE PAPE CARPANTIER","SCOM","SCOLAIRE MATERNELLE","IV","4ème catégorie (effectif <= 300)","R","Etab. d'enseignement sans hébergement","3940",12,"RUE DES ECOLES",,,"936","06","936 12"
"1261","ECOLE ELEMENTAIRE PAUL BERT","SCOE","SCOLAIRE ELEMENTAIRE","V","5ème catégorie","R","Etab. d'enseignement sans hébergement","4449",19,"RUE GENERAL RIU",,,"1133","06","1133 19"
"1267","ECOLES  MATERNELLE GENEVIEVE BON - ELEMENTAIRE LOUIS ARMSTRONG","SCO","SCOLAIRE","III","3ème catégorie (300 < effectif <= 700)","R","Etab. d'enseignement sans hébergement","4771",971,"RUE PAUL RIMBAUD",,,"1676","05","1676 971"
"1270","ECOLE ELEMENTAIRE DIDEROT B1","SCOE","SCOLAIRE ELEMENTAIRE","IV","4ème catégorie (effectif <= 300)","L","Salles usage auditions, conférences, ...","3655",16,"RUE DE LA BANDIDO",,,"541","06","541 16"
"1272","ECOLE ELEMENTAIRE DIDEROT B2","SCOE","SCOLAIRE ELEMENTAIRE",,,,,"3655",16,"RUE DE LA BANDIDO",,,"541","06","541 16"
"1273","ECOLE MATERNELLE JEAN COCTEAU","SCOM","SCOLAIRE MATERNELLE","IV","4ème catégorie (effectif <= 300)","R","Etab. d'enseignement sans hébergement","3655",16,"RUE DE LA BANDIDO",,,"541","06","541 16"
"1277","ECOLE ELEMENTAIRE SEVIGNE","SCOE","SCOLAIRE ELEMENTAIRE","V","5ème catégorie","R","Etab. d'enseignement sans hébergement","3405",5,"RUE BERNARD DE TREVIERS",,,"584","06","584 5"
"1280","RESTAURANT SCOLAIRE SEVIGNE","SCOE","SCOLAIRE ELEMENTAIRE",,,,,"3405",5,"RUE BERNARD DE TREVIERS",,,"584","05","584 5"
"1294","ECOLES ALAIN SAVARY  BATIMENT PRINCIPAL","SCO","SCOLAIRE","III","3ème catégorie (300 < effectif <= 700)","R","Etab. d'enseignement sans hébergement","3245",240,"QUAI FLORA TRISTAN",,,"2220","06","2220 240"
"1298","ECOLE ELEMENTAIRE JULES FERRY","SCOE","SCOLAIRE ELEMENTAIRE","III","3ème catégorie (300 < effectif <= 700)","R","Etab. d'enseignement sans hébergement","3250",88,"R ANTOINE-LAURENT JUSSIEU",,,"2342","05","2342 88"
"1300","ECOLE MATERNELLE TERESA","SCOM","SCOLAIRE MATERNELLE","IV","4ème catégorie (effectif <= 300)","R","Etab. d'enseignement sans hébergement","3250",30,"R ANTOINE-LAURENT JUSSIEU",,,"2342","05","2342 30"
"1304","ECOLES VILLENEUVE ANGOULEME","SCO","SCOLAIRE",,,,,"4522",694,"RUE JACQUES BOUNIN",,,"1254","05","1254 694"
"1309","RESTAURANT SCOLAIRE VOLTAIRE","SCOE","SCOLAIRE ELEMENTAIRE",,,,,"4506",157,"RUE HENRI SELLIER",,,"1213","06","1213 157"
"1311","ECOLE ELEMENTAIRE VOLTAIRE","SCOE","SCOLAIRE ELEMENTAIRE","IV","4ème catégorie (effectif <= 300)","R","Etab. d'enseignement sans hébergement","4506",157,"RUE HENRI SELLIER",,,"1213","06","1213 157"
"1319","GYMNASE BERNARD JOUANIQUE",,,"III","3ème catégorie (300 < effectif <= 700)","X","Etablissements sportifs couverts","3431",32,"RUE CALVIN",,,"2197","06","2197 32"
"1321","GYMNASE JEAN BOUIN",,,"III","3ème catégorie (300 < effectif <= 700)","X","Etablissements sportifs couverts","2466",70,"AVENUE DU BITERROIS",,,"594","06","594 70"
"1324","GYMNASE JEAN RAMEL",,,"IV","4ème catégorie (effectif <= 300)","X","Etablissements sportifs couverts","4583",10,"RUE JOSE MARIA DE HEREDIA",,,"1315","06","1315 10"
"1326","GYMNASE LES ARTS","EQUSP","EQUIPEMENT SPORTIFS","III","3ème catégorie (300 < effectif <= 700)","X","Etablissements sportifs couverts","3822",33,"RUE DE SUBSTANTION",,,"2025","06","2025 33"
"1333","ECOLE ELEMENTAIRE DANTE ALIGHIERI","SCOE","SCOLAIRE ELEMENTAIRE","IV","4ème catégorie (effectif <= 300)","R","Etab. d'enseignement sans hébergement","3512",759,"RUE CROIX DE FIGUEROLLES",,,"864","05","864 759"
"1338","ECOLE MATERNELLE MARIA CALLAS","SCOM","SCOLAIRE MATERNELLE","III","3ème catégorie (300 < effectif <= 700)","R","Etab. d'enseignement sans hébergement","3512",843,"RUE CROIX DE FIGUEROLLES",,,"864","06","864 843"
"1344","GYMNASE MARCEL CERDAN",,,"III","3ème catégorie (300 < effectif <= 700)","X","Etablissements sportifs couverts","4491",20,"RUE HEBERT",,,"1206","07","1206 20"
"1349","HOTEL BASCHY DU CAYLA","DIVERS","MULTI - AFFECTATION","V","5ème catégorie","R","Etab. d'enseignement sans hébergement","4334",1,"EMBOUQUE D'OR",,,"954","07","954 1"
"1359","ENSEMBLE MAISON POUR TOUS ALBERT DUBOUT","DIVERS","MULTI - AFFECTATION","V","5ème catégorie","W","Administrations, banques, bureaux","2407",1071,"AV JUSTICE DE CASTELNAU",,,"1337","06","1337 1071"
"1374","PAVILLON DE L'HOTEL DE VILLE COMEDIE (ANCIEN MESS DES OFFICIERS)","DIVERS","MULTI - AFFECTATION",,,,,"2175",30,"ALLEE DE LATTRE DE TASSIGNY",,,"1281","06","1281 30"
"1376","EGLISE NOTRE DAME DES TABLES","CULT","LOCAUX CULTUELS","III","3ème catégorie (300 < effectif <= 700)","V","Etablissements de culte","3170",3,"PLACE NOTRE DAME",,,"1605","06","1605 3"
"1388","PALAIS DES SPORTS PIERRE DE COUBERTIN",,,"I","1ère catégorie (effectif > 1500)","X","Etablissements sportifs couverts","3599",25,"RUE DE GENES",,,"1135","06","1135 25"
"1392","EGLISE SAINT DENIS","CULT","LOCAUX CULTUELS","V","5ème catégorie","V","Etablissements de culte","3194",1,"PLACE SAINT DENIS",,,"1933","05","1933 1"
"1393","ENSEMBLE MAISON POUR TOUS ESCOUTAIRE","MPT","MAISON POUR TOUS","III","3ème catégorie (300 < effectif <= 700)","L","Salles usage auditions, conférences, ...","4075",67,"RUE DES RAZETEURS",,,"1854","05","1854 67"
"1396","EGLISE SAINT ROCH","CULT","LOCAUX CULTUELS","V","5ème catégorie","V","Etablissements de culte","3197",1,"PLACE SAINT ROCH",,,"1963","06","1963 1"
"1399","EGLISE SAINTE EULALIE","CULT","LOCAUX CULTUELS","V","5ème catégorie","V","Etablissements de culte","3724",12,"RUE DE LA MERCI",,,"1520","05","1520 12"
"1471","ECOLES BLAISE PASCAL ET SARAH BERNARDHT","SCO","SCOLAIRE","III","3ème catégorie (300 < effectif <= 700)","R","Etab. d'enseignement sans hébergement","4649",100,"RUE LOUIS LEPINE",,,"2316","06","2316 100"
"1486","HALTE GARDERIE LA COUPOLE","HALTG","HALTE GARDERIE","V","5ème catégorie","R","Etab. d'enseignement sans hébergement","3211",45,"PLACE ZEUS",,,"3246","06","3246 45"
"1492","ENSEMBLE MAISON POUR TOUS GEORGES BRASSENS","DIVERS","MULTI - AFFECTATION","II","2ème catégorie (700 < effectif <= 1500)","L","Salles usage auditions, conférences, ...","3148",0,"PLACE JACQUE BREL",,,"3056","05","3056 0"
"1494","ECOLE ELEMENTAIRE JOSEPH DELTEIL","SCOE","SCOLAIRE ELEMENTAIRE",,,,,"3866",9999,"RUE DES ARAUCARIAS",,,"493","05","493 9999"
"1496","SALLE NOGARET","PROT","LOCAUX PROTOCOLE","III","3ème catégorie (300 < effectif <= 700)","L","Salles usage auditions, conférences, ...","4802",0,"RUE PITOT",,,"1754","05","1754 0"
"1497","CRECHE PETIT PRINCE DE BOUTONNET - RUE EMILE LITTRE","CRECHE","CRECHE","IV","4ème catégorie (effectif <= 300)","R","Etab. d'enseignement sans hébergement","4341",20,"RUE EMILE LITTRE",,,"2773","06","2773 20"
"1500","SALLE AVICENNE","CULT","LOCAUX CULTUELS","I","1ère catégorie (effectif > 1500)","V","Etablissements de culte","2512",272,"AVENUE PAUL BRINGUIER",,,"1666","05","1666 272"
"1504","HALTE GARDERIE LES COPAINS D'ABORD","HALTG","HALTE GARDERIE",,,,,"3148",0,"PLACE JACQUES BREL",,,"3056","06","3056 0"
"1506","GYMNASE GEORGES BUSNEL",,,"III","3ème catégorie (300 < effectif <= 700)","X","Etablissements sportifs couverts","4075",67,"RUE DES RAZETEURS",,,"1854","06","1854 67"
"1508","DOMAINE DE LA POMPIGNANE / RR 33","DOM","DOMAINE","III","3ème catégorie (300 < effectif <= 700)","L","Salles usage auditions, conférences, ...","3815",0,"RUE DE SALAISON",,,"1978","06","1978 0"
"1530","SALLE POLYVALENTE VOLTAIRE","SCOE","SCOLAIRE ELEMENTAIRE",,,,,"4506",157,"RUE HENRI SELLIER",,,"1213","05","1213 157"
"1531","SALLE ACTIVITE JULIE DAUBIE","SCO","SCOLAIRE",,,,,"2222",183,"ALLEE DE L'AQUEDUC",,,"494","06","494 183"
"1532","SALLE DE SPORTS CHARLES RIGOULOT",,,,,,,"4251",0,"RUE DU PAS DU LOUP",,,"1655","06","1655 0"
"1535","VESTIAIRES FOOT 3/4 GRAMMONT",,,,,,,"2425",2733,"AVENUE ALBERT EINSTEIN",,,"2324","06","2324 2733"
"1540","GYMNASE OLYMPIE ANTIGONE EUROPA",,,,,,,"2500",0,"AVENUE JACQUES CARTIER",,,"2377","06","2377 0"
"1545","ECOLE ELEMENTAIRE ALAIN SAVARY BATIMENT ANNEXE","SCOE","SCOLAIRE ELEMENTAIRE",,,,,"3245",240,"QUAI FLORA TRISTAN",,,"2220","06","2220 240"
"1563","MAISON DE LA DEMOCRATIE","DIVERS","MULTI - AFFECTATION",,,,,"3750",16,"RUE DE LA REPUBLIQUE",,,"1867","07","1867 16"
"1564","ECOLE JULES VERNE ELEMENTAIRE","SCOE","SCOLAIRE ELEMENTAIRE","IV","4ème catégorie (effectif <= 300)","R","Etab. d'enseignement sans hébergement","4988",127,"RUE YEHUDI MENUHIN",,,"3157","06","3157 127"
"1567","BOULODROME BERNARD GASSET",,,"II","2ème catégorie (700 < effectif <= 1500)","X","Etablissements sportifs couverts","2508",122,"AVENUE MAURICE PLANES",,,"1512","06","1512 122"
"1571","ECOLES MATERNELLE MICHEL DE L'HOSPITAL ELEMENTAIRE ANDRE MALRAUX","SCO","SCOLAIRE","IV","4ème catégorie (effectif <= 300)","R","Etab. d'enseignement sans hébergement","3301",380,"ROUTE DE VAUGUIERES",,,"2103","06","2103 380"
"1572","GYMNASE MIREILLE BESSIERE",,,"IV","4ème catégorie (effectif <= 300)","X","Etablissements sportifs couverts","4332",175,"RUE EDOUARD VILLALONGA",,,"2938","06","2938 175"
"1586","ECOLES MATERNELLE DE GAULLE ANTHONIOZ ELEMENTAIRE JEAN JAURES","SCO","SCOLAIRE",,,,,"2578",12,"CHEMIN DES BARQUES",,,"547","06","547 12"
"1587","MATERNELLE GENEVIEVE DE GAULLE ANTHONIOZ","SCOM","SCOLAIRE MATERNELLE","IV","4ème catégorie (effectif <= 300)","R","Etab. d'enseignement sans hébergement","2578",10,"CHEMIN DES BARQUES",,,"547","06","547 10"
"1588","ELEMENTAIRE JEAN JAURES","SCOE","SCOLAIRE ELEMENTAIRE","IV","4ème catégorie (effectif <= 300)","R","Etab. d'enseignement sans hébergement","2578",12,"CHEMIN DES BARQUES",,,"547","06","547 12"
"1595","BEACH-VOLLEY LES ARTS",,,,,,,"3669",32,"RUE DE LA CAVALERIE",,,"715","06","715 32"
"1597","GYMNASE ALAIN COLAS",,,"IV","4ème catégorie (effectif <= 300)","X","Etablissements sportifs couverts","3624",227,"RUE DE L'ARNEL",,,"505","06","505 227"
"1621","ECOLE MATERNELLE YOURCENAR","SCO","SCOLAIRE",,,,,"4568",71,"RUE JEAN JOSEPH LABORDE",,,"3266","06","3266 71"
"1626","CRECHE ROBIN DES BOIS","CRECHE","CRECHE",,,,,"2549",280,"BOULEVARD PENELOPE",,,"3213","06","3213 280"
"1627","HALTE GARDERIE MOWGLI","HALTG","HALTE GARDERIE",,,,,"2549",280,"BOULEVARD PENELOPE",,,"3213","05","3213 280"
"1640","GYMNASE LE HETET-COMPLEXE LEON CAZAL",,,"III","3ème catégorie (300 < effectif <= 700)","X","Etablissements sportifs couverts","3301",237,"ROUTE DE VAUGUIERES",,,"2103","06","2103 237"
"1645","GYMNASE GARRIGUES-COLLEGE CARRIGUES",,,"III","3ème catégorie (300 < effectif <= 700)","R","Etab. d'enseignement sans hébergement","2469",145,"AVENUE DU COMTE DE NICE",,,"821","06","821 145"
"1646","GYMNASE ARTHUR RIMBAUD-COLLEGE RIMBAUD",,,,,,,"4721",0,"RUE MOHAMMED V",,,"3329","06","3329 0"
"1664","MULTISPORT BERNARD JOUANIQUE",,,,,,,"4527",0,"RUE JACQUES DALCROZE",,,"2850","06","2850 0"
"1680","HOTEL DE SULLY MAISON DES RELATIONS INTERNATIONALES","DIVERS","MULTI - AFFECTATION","V","5ème catégorie","W","Administrations, banques, bureaux","2631",14,"DESCENTE EN BARRAT",,,"964","06","964 14"
"1685","ENSEMBLE MAISON POUR TOUS LEO LAGRANGE","DIVERS","MULTI - AFFECTATION","V","5ème catégorie","W","Administrations, banques, bureaux","3558",155,"AVENUE DE BOLOGNE",,,"603","06","603 155"
"1686","ENSEMBLE MAISON POUR TOUS MARIE CURIE","DIVERS","MULTI - AFFECTATION","III","3ème catégorie (300 < effectif <= 700)","L","Salles usage auditions, conférences, ...","2204",13,"ALLEE ANTONIN CHAULIAC",,,"2563","05","2563 13"
"1688","MAISON POUR TOUS FANFONNE GUILLERME","MPT","MAISON POUR TOUS","V","5ème catégorie","L","Salles usage auditions, conférences, ...","3870",33,"RUE DES AVANT-MONTS",,,"526","05","526 33"
"1689","MAISON POUR TOUS JACQUES PREVERT","MPT","MAISON POUR TOUS","V","5ème catégorie","L","Salles usage auditions, conférences, ...","4100",13,"RUE DES SUREAUX",,,"2028","06","2028 13"
"1690","ENSEMBLE MPT ANDRE CHAMSON","DIVERS","MULTI - AFFECTATION","III","3ème catégorie (300 < effectif <= 700)","L","Salles usage auditions, conférences, ...","4485",105,"RUE GUSTAVE EIFFEL",,,"2523","05","2523 105"
"1691","ENSEMBLE MAISON POUR TOUS MARCEL PAGNOL","DIVERS","MULTI - AFFECTATION","III","3ème catégorie (300 < effectif <= 700)","L","Salles usage auditions, conférences, ...","3298",64,"ROUTE DE LAVERUNE",,,"1363","06","1363 64"
"1692","MAISON POUR TOUS SAINT EXUPERY","MPT","MAISON POUR TOUS","IV","4ème catégorie (effectif <= 300)","L","Salles usage auditions, conférences, ...","2268",130,"ALLEE DU BRIOL",,,"2259","05","2259 130"
"1693","ENSEMBLE MAISON POUR TOUS ALBERT CAMUS","DIVERS","MULTI - AFFECTATION","IV","4ème catégorie (effectif <= 300)","W","Administrations, banques, bureaux","2395",118,"ALLEE MAURICE BONAFOS",,,"2480","06","2480 118"
"1695","MAISON DE QUARTIER JEAN-PIERRE CAILLENS","MPT","MAISON POUR TOUS","IV","4ème catégorie (effectif <= 300)","L","Salles usage auditions, conférences, ...","3070",7,"PLACE DE TIBERIADE",,,"2189","06","2189 7"
"1696","MAISON POUR TOUS BORIS VIAN","MPT","MAISON POUR TOUS","IV","4ème catégorie (effectif <= 300)","L","Salles usage auditions, conférences, ...","3617",14,"RUE DE L'AMETHYSTE",,,"470","06","470 14"
"1699","MAISON POUR TOUS JOSEPH RICOME","MPT","MAISON POUR TOUS","IV","4ème catégorie (effectif <= 300)","L","Salles usage auditions, conférences, ...","4749",7,"RUE PAGES",,,"1634","06","1634 7"
"1700","ENSEMBLE MAISON POUR TOUS PAUL EMILE VICTOR","DIVERS","MULTI - AFFECTATION","II","2ème catégorie (700 < effectif <= 1500)","L","Salles usage auditions, conférences, ...","2412",1247,"AV PROFESSEUR LOUIS RAVAZ",,,"1817","05","1817 1247"
"1703","MAISON POUR TOUS EMMA CALVE","MPT","MAISON POUR TOUS","V","5ème catégorie","L","Salles usage auditions, conférences, ...","4065",4,"RUE DES POIRIERS",,,"1772","05","1772 4"
"1705","ENSEMBLE FRANCOIS DE MALHERBE","DIVERS","MULTI - AFFECTATION","V","5ème catégorie","L","Salles usage auditions, conférences, ...","4408",2,"RUE FRANCOIS MALHERBE",,,"1078","06","1078 2"
"1707","ENSEMBLE MAISON POUR TOUS MELINA MERCOURI","DIVERS","MULTI - AFFECTATION","III","3ème catégorie (300 < effectif <= 700)","L","Salles usage auditions, conférences, ...","3774",842,"RUE DE LA VIELLE POSTE",,,"2129","06","2129 842"
"1708","MAISON DE QUARTIER JEAN-PIERRE CHABROL","MPT","MAISON POUR TOUS","V","5ème catégorie","L","Salles usage auditions, conférences, ...","2412",921,"AVENUE DU PROFESSEUR LOUIS RAVAZ",,,"1817","06","1817 921"
"1709","ENSEMBLE MPT PAULINE LAFONT","DIVERS","MULTI - AFFECTATION","V","5ème catégorie","R","Etab. d'enseignement sans hébergement","4522",635,"RUE JACQUE BOUNIN",,,"1254","05","1254 635"
"1728","ESPACE MARTIN LUTHER KING","ASSOS","ASSOCIATION",,,,,"2544",27,"BOULEVARD LOUIS BLANC",,,"1400","07","1400 27"
"1735","CRECHE LA PETITE SIRENE - MALBOSC","CRECHE","CRECHE","V","5ème catégorie","R","Etab. d'enseignement sans hébergement","2438",115,"AVENUE DE FES",,,"3260","08","3260 115"
"1761","CHATEAU DE GRAMMONT","DOM","DOMAINE",,,,,"2425",0,"AVENUE ALBERT EINSTEIN",,,"2324","06","2324 0"
"1763","CARRE SAINTE ANNE GALERIE D ART",,,"V","5ème catégorie","Y","Musées","4902",1,"RUE SAINTE ANNE",,,"1968","06","1968 1"
"1767","PARKING PITOT","PARKPUB","PARKING PUBLIC","V","5ème catégorie","PA","Etablissements de plein air","2700",7,"IMPASSE CARRE DU ROI",,,"694","06","694 7"
"1768","MAISON DE LA JUSTICE ET DU DROIT","ADM","LOCAUX ADMINISTRATIFS","V","5ème catégorie","W","Administrations, banques, bureaux","3553",66,"RUE DE BARI",,,"545","06","545 66"
"1923","ASSOCIATION SPORTS ET LOISIRS CROIX D ARGENT","ASSOS","ASSOCIATION",,,,,"3624",227,"RUE DE L'ARNEL",,,"505","05","505 227"
"1947","ENSEMBLE  VOLTAIRE","DIVERS","MULTI - AFFECTATION","III","3ème catégorie (300 < effectif <= 700)","L","Salles usage auditions, conférences, ...","5026",1,"SQUARE JEAN MONNET",,,"2381","05","2381 1"
"1998","CHAPELLE SAINT CHARLES - MAISON DES CHOEURS",,,"IV","4ème catégorie (effectif <= 300)","L","Salles usage auditions, conférences, ...","3002",1,"PLACE ALBERT 1ER",,,"442","06","442 1"
"2000","CHAPELLE DE LA RESURRECTION CITEE GELY",,,"III","3ème catégorie (300 < effectif <= 700)","L","Salles usage auditions, conférences, ...","4578",170,"RUE JOACHIM DU BELLAY",,,"1308","06","1308 170"
"2046","MAISON DES SYNDICATS","ASSOS","ASSOCIATION","V","5ème catégorie","W","Administrations, banques, bureaux","2182",474,"ALLEE HENRI II DE MONTMORENCY",,,"1211","06","1211 474"
"2064","LOCAUX ETAT CIVIL FUNERARIUM",,,,,,,"2425",0,"AVENUE ALBERT EINSTEIN",,,"2324","05","2324 0"
"2121","ENSEMBLE MAISON POUR TOUS FRANCOIS VILLON","DIVERS","MULTI - AFFECTATION","III","3ème catégorie (300 < effectif <= 700)","L","Salles usage auditions, conférences, ...","3866",1,"RUE DES ARAUCARIAS",,,"493","06","493 1"
"2152","CLUB AGE D OR ANTONIN BALMES CCAS","CCAS AO","CCAS CLUBS AGE D OR",,,,,"2483",0,"AVENUE DU PIREE",,,"2379","06","2379 0"
"2154","CLUB AGE D OR JEANNE GALZY CCAS","CCAS AO","CCAS CLUBS AGE D OR",,,,,"3579",14,"RUE DE CLEMENTVILLE",,,"795","05","795 14"
"40830","BATIMENT HALLES CASTELLANE",,,"II","2ème catégorie (700 < effectif <= 1500)","M","Magasins, centres commerciaux","3022",0,"PLACE CASTELLANE",,,"699","05","699 0"
"40832","HALLES DES 4 SAISONS",,,"II","2ème catégorie (700 < effectif <= 1500)","M","Magasins, centres commerciaux","2441",1321,"AVENUE DE HEIDELBERG",,,"1208","05","1208 1321"
"40833","HALLES LAISSAC",,,"III","3ème catégorie (300 < effectif <= 700)","M","Magasins, centres commerciaux","3004",10,"PLACE ALEXANDRE LAISSAC",,,"450","06","450 10"
"40835","HALLES JACQUES COEUR",,,"II","2ème catégorie (700 < effectif <= 1500)","M","Magasins, centres commerciaux","2534",0,"BOULEVARD D'ANTIGONE",,,"2229","05","2229 0"
"40891","CLUB AGE D OR VINCENT SCOTTO","CCAS AO","CCAS CLUBS AGE D OR",,,,,"2612",31,"COURS LIBERAL BRUANT",,,"2425","06","2425 31"
"40923","LOCAL JARDINIERS PARC AZEMA",,,,,,,"3923",0,"RUE DES COMMUNAUTES",,,"2570","06","2570 0"
"41142","PARKING EUROPA","PARKPUB","PARKING PUBLIC","IV","4ème catégorie (effectif <= 300)","PS","Parc de stationnement","3090",0,"PLACE DIONYSOS",,,"2483","05","2483 0"
"41143","PARKING GAMBETTA","PARKPUB","PARKING PUBLIC","IV","4ème catégorie (effectif <= 300)","PS","Parc de stationnement","2630",0,"BOULEVARD GAMBETTA",,,"1108","06","1108 0"
"41144","PARKING DU NOMBRE D'OR","PARKPUB","PARKING PUBLIC","IV","4ème catégorie (effectif <= 300)","PS","Parc de stationnement","2534",0,"BOULEVARD D'ANTIGONE",,,"2229","06","2229 0"
"41147","PARKING LAISSAC","PARKPUB","PARKING PUBLIC","IV","4ème catégorie (effectif <= 300)","PS","Parc de stationnement","3004",10,"PLACE ALEXANDRE LAISSAC",,,"450","07","450 10"
"41148","PARKING ARC DE TRIOMPHE","PARKPUB","PARKING PUBLIC","IV","4ème catégorie (effectif <= 300)","PS","Parc de stationnement","4386",0,"RUE FOCH",,,"1043","06","1043 0"
"41150","PARKING FOCH (MARCHE AUX FLEURS)","PARKPUB","PARKING PUBLIC","IV","4ème catégorie (effectif <= 300)","PS","Parc de stationnement","2995",1,"PLACE MARTYRS RESISTANCE",,,"1472","06","1472 1"
"41153","ECOLE OLYMPE DE GOUGE","SCO","SCOLAIRE","IV","4ème catégorie (effectif <= 300)","R","Etab. d'enseignement sans hébergement","3560",1371,"RUE DE BUGAREL",,,"645","06","645 1371"
"41157","IMMEUBLE 6 RUE MAGUELONE","DIVERS","MULTI - AFFECTATION","V","5ème catégorie","W","Administrations, banques, bureaux","3784",6,"RUE DE MAGUELONE",,,"1426","06","1426 6"
"41255","ENSEMBLE IMMOBILIER CRECHE/MAISON DES SENIORS RUE F.FABRE","DIVERS","MULTI - AFFECTATION","V","5ème catégorie","R","Etab. d'enseignement sans hébergement","4379",16,"RUE FERDINAND FABRE",,,"1023","06","1023 16"
"41270","ECOLE ELEMENTAIRE RABELAIS","SCOE","SCOLAIRE ELEMENTAIRE",,,,,"2420",9999,"AVENUE ACHILLE DUCHENE",,,"3273","06","3273 9999"
"41385","HALTE GARDERIE OUSTAL DOU CAGANIS","HALTG","HALTE GARDERIE",,,,,"4075",67,"RUE DES RAZETEURS",,,"1854","06","1854 67"
"41461","MAISON POUR TOUS GEORGES SAND","MPT","MAISON POUR TOUS","V","5ème catégorie","P","Salles de danse et salles de jeux","2414",25,"AVENUE SAINT ANDRE DE NOVIGENS",,,"1921","06","1921 25"
"41503","THEATRE JEAN VILAR","CULTURE","EQUIPEMENT CULTUREL","III","3ème catégorie (300 < effectif <= 700)","L","Salles usage auditions, conférences, ...","3558",155,"AVENUE DE BOLOGNE",,,"603","07","603 155"
"41537","ROCKSTORE","CULTURE","EQUIPEMENT CULTUREL","II","2ème catégorie (700 < effectif <= 1500)","P","Salles de danse et salles de jeux","3835",20,"RUE DE VERDUN",,,"2110","06","2110 20"
"41720","SALLE SAINT RAVY","CULTURE","EQUIPEMENT CULTUREL",,,,,"4595",1,"RUE JOUBERT",,,"1323","06","1323 1"
"41772","POSTE DE POLICE DE L'HOTEL DE VILLE 789 CHEMIN DE MOULARES","POL","POSTE DE POLICE MUNICIPAL","V","5ème catégorie","W","Administrations, banques, bureaux","2576",789,"CHEMIN DE MOULARES",,,"1560","05","1560 789"
"41782","CRECHE DE L'HOTEL DE VILLE ADELAIDE CAMBON - RESIDENCE CENTRAL PARC (VOLUME 18)","CRECHE","CRECHE","IV","4ème catégorie (effectif <= 300)","R","Etab. d'enseignement sans hébergement","5075",1,"PL GEORGES FRECHE",,,"3476","08","3476 1"
"41801","GYMNASE SPINOSI","EQUSP","EQUIPEMENT SPORTIFS",,,,,"5059",24,"RUE PIERRE-GILLES DE GENNES",,,"3455","05","3455 24"
"41833","ECOLES ELEMENTAIRE COMBES / MATERNELLE DURUY","SCO","SCOLAIRE","IV","4ème catégorie (effectif <= 300)","R","Etab. d'enseignement sans hébergement","4325",20,"RUE EDMOND LAUTARD",,,"2651","06","2651 20"
